-- MySQL Script generated by MySQL Workbench
-- Sun Jul 10 00:52:35 2022
-- Model: New Model    Version: 1.0
-- MySQL Workbench Forward Engineering

SET @OLD_UNIQUE_CHECKS=@@UNIQUE_CHECKS, UNIQUE_CHECKS=0;
SET @OLD_FOREIGN_KEY_CHECKS=@@FOREIGN_KEY_CHECKS, FOREIGN_KEY_CHECKS=0;
SET @OLD_SQL_MODE=@@SQL_MODE, SQL_MODE='ONLY_FULL_GROUP_BY,STRICT_TRANS_TABLES,NO_ZERO_IN_DATE,NO_ZERO_DATE,ERROR_FOR_DIVISION_BY_ZERO,NO_ENGINE_SUBSTITUTION';


-- -----------------------------------------------------
-- Table `Trainers`
-- -----------------------------------------------------
CREATE TABLE IF NOT EXISTS `Trainers` (
  `trainerID` INT NOT NULL AUTO_INCREMENT,
  `firstName` VARCHAR(45) NOT NULL,
  `lastName` VARCHAR(45) NOT NULL,
  `CERT` TINYINT NOT NULL,
  `CPR` TINYINT NOT NULL,
  `email` VARCHAR(255) NOT NULL,
  `phone` VARCHAR(15) NULL,
  PRIMARY KEY (`trainerID`),
  UNIQUE INDEX `TrainerID_UNIQUE` (`trainerID` ASC) VISIBLE)
ENGINE = InnoDB;


-- -----------------------------------------------------
-- Table `Exercises`
-- -----------------------------------------------------
CREATE TABLE IF NOT EXISTS `Exercises` (
  `exerciseID` INT NOT NULL,
  `name` VARCHAR(45) NULL,
  `muscle_group` VARCHAR(45) NOT NULL,
  `secondary_muscle` VARCHAR(45) NULL,
  PRIMARY KEY (`exerciseID`))
ENGINE = InnoDB;


-- -----------------------------------------------------
-- Table `Athletes`
-- -----------------------------------------------------
CREATE TABLE IF NOT EXISTS `Athletes` (
  `athleteID` INT NOT NULL,
  `firstName` VARCHAR(45) NOT NULL,
  `lastName` VARCHAR(45) NOT NULL,
  `DOB` DATE NULL,
  `startWeight` SMALLINT(3) NULL,
  `currentWeight` SMALLINT(3) NULL,
  `email` VARCHAR(255) NOT NULL,
  `phone` VARCHAR(15) NULL,
  `trainerID` INT NULL COMMENT 'FK',
  PRIMARY KEY (`athleteID`),
  INDEX `fk_Person_Trainer_idx` (`trainerID` ASC) VISIBLE,
  CONSTRAINT `fk_Person_Trainer`
    FOREIGN KEY (`trainerID`)
    REFERENCES `Trainers` (`trainerID`)
    ON DELETE CASCADE
    ON UPDATE CASCADE
    )
ENGINE = InnoDB;


-- -----------------------------------------------------
-- Table `Workouts`
-- -----------------------------------------------------
CREATE TABLE IF NOT EXISTS `Workouts` (
  `workoutID` INT NOT NULL,
  `musclePrimary` VARCHAR(45) NOT NULL,
  `muscleSecondary` VARCHAR(45) NULL,
  `duration` INT NOT NULL, 
  `exercise1` VARCHAR(45) NOT NULL,
  `exercise2` VARCHAR(45) NULL,
  `exercise3` VARCHAR(45) NULL,
  `exercise4` VARCHAR(45) NULL,
  `exercise5` VARCHAR(45) NULL,
  `exercise6` VARCHAR(45) NULL,
  `athleteID` INT NOT NULL,
  PRIMARY KEY (`workoutID`),
  INDEX `fk_Workout_Person1_idx` (`athleteID` ASC) VISIBLE,
  CONSTRAINT `fk_Workout_Person1`
    FOREIGN KEY (`athleteID`)
    REFERENCES `Athletes` (`athleteID`)
    ON DELETE CASCADE
    ON UPDATE CASCADE)
ENGINE = InnoDB;


-- -----------------------------------------------------
-- Table `Workouts_has_Exercises`
-- -----------------------------------------------------
CREATE TABLE IF NOT EXISTS `Workouts_has_Exercises` (
  `weID` INT UNSIGNED NOT NULL AUTO_INCREMENT,
  `exerciseID` INT(11) NOT NULL,
  `workoutID` INT(11) NOT NULL,
  `weight` SMALLINT(3) NULL,
  `reps` SMALLINT(3) NULL,
  INDEX `fk_Workout_has_Exercise_Exercise1_idx` (`workoutID` ASC) VISIBLE,
  INDEX `fk_Workout_has_Exercise_Workout1_idx` (`exerciseID` ASC) VISIBLE,
  PRIMARY KEY (`weID`),
  CONSTRAINT `fk_Workout_has_Exercise_Workout1`
    FOREIGN KEY (`workoutID`)
    REFERENCES `Workouts` (`workoutID`)
    ON DELETE NO ACTION
    ON UPDATE NO ACTION,
  CONSTRAINT `fk_Workout_has_Exercise_Exercise1`
    FOREIGN KEY (`exerciseID`)
    REFERENCES `Exercises` (`exerciseID`)
    ON DELETE CASCADE
    ON UPDATE CASCADE)
ENGINE = InnoDB;


SET SQL_MODE=@OLD_SQL_MODE;
SET FOREIGN_KEY_CHECKS=@OLD_FOREIGN_KEY_CHECKS;
SET UNIQUE_CHECKS=@OLD_UNIQUE_CHECKS;


INSERT INTO `Trainers` (`trainerID`, `firstName`, `lastName`, `CERT`, `CPR`, `email`, `phone`) VALUES ('1', 'Harry', 'Potter', '123', '345', 'harryP@gmail.com', '5415554567');
INSERT INTO `Trainers` (`trainerID`, `firstName`, `lastName`, `CERT`, `CPR`, `email`, `phone`) VALUES ('2', 'Gandalf', 'Grey', '456', '456', 'ishouldhavebeenDumbldore@yahoo.com', '5551237899');
INSERT INTO `Trainers` (`trainerID`, `firstName`, `lastName`, `CERT`, `CPR`, `email`, `phone`) VALUES ('3', 'Jk', 'Rowling', '901', '890', 'thestoryisaboutRon@hotmail.com', '5415554569');

INSERT INTO `Athletes` (`athleteID`, `firstName`, `lastName`, `DOB`, `startWeight`, `currentWeight`, `email`, `phone`, `trainerID`) VALUES ('1', 'Hermione', 'Granger', '1992-05-28', '140', '130', 'hermiong@gmail.com', '5415558745', '1');
INSERT INTO `Athletes` (`athleteID`, `firstName`, `lastName`, `DOB`, `startWeight`, `currentWeight`, `email`, `phone`, `trainerID`) VALUES ('2', 'Ron', 'Weasley', '1992-06-02', '180', '189', 'weasleT@yahoo.com', '5415558963', '2');
INSERT INTO `Athletes` (`athleteID`, `firstName`, `lastName`, `DOB`, `startWeight`, `currentWeight`, `email`, `phone`, `trainerID`) VALUES ('3', 'Emma', 'Watson', '1991-07-23', '145', '125', 'levyohsuh@hotmail.com', '5035554561', '3');
INSERT INTO `Athletes` (`athleteID`, `firstName`, `lastName`, `DOB`, `startWeight`, `currentWeight`, `email`, `phone`, `trainerID`) VALUES ('4', 'Rupert', 'Grant', '1991-02-15', '205', '195', 'realliferedhead@gmail.com', '5415551234', '1');
INSERT INTO `Athletes` (`athleteID`, `firstName`, `lastName`, `DOB`, `startWeight`, `currentWeight`, `email`, `phone`) VALUES ('5', 'Draco', 'Malfoy', '1993-05-07', '165', '170', 'icecreamtruck@att.net', '5418675309');

INSERT INTO `Exercises` (`exerciseID`, `name`, `muscle_group`, `secondary_muscle`) VALUES ('1', 'latPulldown', 'back', 'bicep');
INSERT INTO `Exercises` (`exerciseID`, `name`, `muscle_group`) VALUES ('2', 'situp', 'abdominal');
INSERT INTO `Exercises` (`exerciseID`, `name`, `muscle_group`, `secondary_muscle`) VALUES ('3', 'inclineBenchPress', 'chest', 'shoulders');
INSERT INTO `Exercises` (`exerciseID`, `name`, `muscle_group`, `secondary_muscle`) VALUES ('4', 'squat', 'quadricep', 'calves');
INSERT INTO `Exercises` (`exerciseID`, `name`, `muscle_group`) VALUES ('5', 'run', 'cardio');


INSERT INTO `Workouts` (`workoutID`, `musclePrimary`, `duration`, `exercise1`, `exercise2`, `athleteID`) VALUES ('1', 'abdominals', '70', '1', '2', '1');
INSERT INTO `Workouts` (`workoutID`, `musclePrimary`, `duration`, `exercise1`, `athleteID`) VALUES ('2', 'cardio', '50', '5', '2');
INSERT INTO `Workouts` (`workoutID`, `musclePrimary`, `duration`, `exercise1`, `exercise2`, `athleteID`) VALUES ('3', 'legs', '60', '4', '5', '3');
INSERT INTO `Workouts` (`workoutID`, `musclePrimary`, `duration`, `exercise1`, `exercise2`, `exercise3`, `exercise4`, `exercise5`, `athleteID`) VALUES ('4', 'fullBody', '90', '1', '2', '3', '4', '5', '4');

INSERT INTO `Workouts_has_Exercises` (`weID`, `exerciseID`, `workoutID`, `weight`, `reps`) VALUES ('1', '1', '1', '50', '10');
INSERT INTO `Workouts_has_Exercises` (`weID`, `exerciseID`, `workoutID`, `reps`) VALUES ('2', '2', '1', '100');
INSERT INTO `Workouts_has_Exercises` (`weID`, `exerciseID`, `workoutID`) VALUES ('3', '5', '2');
INSERT INTO `Workouts_has_Exercises` (`weID`, `exerciseID`, `workoutID`, `weight`, `reps`) VALUES ('4', '4', '3', '150', '30');
INSERT INTO `Workouts_has_Exercises` (`weID`, `exerciseID`, `workoutID`) VALUES ('5', '5', '3');
INSERT INTO `Workouts_has_Exercises` (`weID`, `exerciseID`, `workoutID`, `weight`, `reps`) VALUES ('6', '1', '4', '100', '10');
INSERT INTO `Workouts_has_Exercises` (`weID`, `exerciseID`, `workoutID`, `reps`) VALUES ('7', '2', '4', '75');
INSERT INTO `Workouts_has_Exercises` (`weID`, `exerciseID`, `workoutID`, `weight`, `reps`) VALUES ('8', '3', '4', '125', '10');
INSERT INTO `Workouts_has_Exercises` (`weID`, `exerciseID`, `workoutID`, `weight`, `reps`) VALUES ('9', '4', '4', '50', '100');
INSERT INTO `Workouts_has_Exercises` (`weID`, `exerciseID`, `workoutID`) VALUES ('10', '5', '4');